Time,Sequence Number,Event
0,0,send
1,0,send
2,0,send
2,0,transmit
2.0208,0,ack
2.0208,1000,send
2.0208,1000,transmit
3.0208,1000,send
3.0208,1000,transmit
4.0208,1000,send
4.0208,1000,transmit
4.0416,1000,ack
4.0416,2000,send
4.0416,2000,transmit
4.0624,2000,ack
4.0624,3000,send
5.0624,3000,send
5.0624,3000,transmit
6.0624,3000,send
7.0624,3000,send
7.0624,3000,transmit
7.0832,3000,ack
7.0832,4000,send
8.0832,4000,send
9.0832,4000,send
10.0832,4000,send
10.0832,4000,transmit
11.0832,4000,send
12.0832,4000,send
13.0832,4000,send
13.0832,4000,transmit
14.0832,4000,send
14.0832,4000,transmit
15.0832,4000,send
16.0832,4000,send
16.0832,4000,transmit
16.104,4000,ack
16.104,5000,send
17.104,5000,send
17.104,5000,transmit
17.1248,5000,ack
17.1248,6000,send
18.1248,6000,send
18.1248,6000,transmit
18.1456,6000,ack
18.1456,7000,send
18.1456,7000,transmit
19.1456,7000,send
20.1456,7000,send
20.1456,7000,transmit
20.1664,7000,ack
20.1664,8000,send
20.1664,8000,transmit
21.1664,8000,send
21.1664,8000,transmit
21.1872,8000,ack
21.1872,9000,send
22.1872,9000,send
23.1872,9000,send
24.1872,9000,send
24.1872,9000,transmit
24.208,9000,ack
24.208,10000,send
24.208,10000,transmit
24.2288,10000,ack
24.2288,11000,send
24.2288,11000,transmit
24.2496,11000,ack
24.2496,12000,send
25.2496,12000,send
25.2496,12000,transmit
25.2704,12000,ack
25.2704,13000,send
26.2704,13000,send
26.2704,13000,transmit
27.2704,13000,send
28.2704,13000,send
29.2704,13000,send
29.2704,13000,transmit
29.2912,13000,ack
29.2912,14000,send
30.2912,14000,send
30.2912,14000,transmit
30.312,14000,ack
30.312,15000,send
31.312,15000,send
32.312,15000,send
32.312,15000,transmit
33.312,15000,send
34.312,15000,send
34.312,15000,transmit
34.3328,15000,ack
34.3328,16000,send
34.3328,16000,transmit
35.3328,16000,send
36.3328,16000,send
37.3328,16000,send
37.3328,16000,transmit
38.3328,16000,send
38.3328,16000,transmit
39.3328,16000,send
40.3328,16000,send
41.3328,16000,send
41.3328,16000,transmit
41.3536,16000,ack
41.3536,17000,send
41.3536,17000,transmit
41.3744,17000,ack
41.3744,18000,send
41.3744,18000,transmit
42.3744,18000,send
43.3744,18000,send
44.3744,18000,send
45.3744,18000,send
45.3744,18000,transmit
45.3952,18000,ack
45.3952,19000,send
46.3952,19000,send
46.3952,19000,transmit
46.416,19000,ack
46.416,20000,send
47.416,20000,send
48.416,20000,send
48.416,20000,transmit
49.416,20000,send
50.416,20000,send
51.416,20000,send
51.416,20000,transmit
51.4368,20000,ack
51.4368,21000,send
51.4368,21000,transmit
51.4576,21000,ack
51.4576,22000,send
51.4576,22000,transmit
51.4784,22000,ack
51.4784,23000,send
51.4784,23000,transmit
52.4784,23000,send
52.4784,23000,transmit
52.4992,23000,ack
52.4992,24000,send
52.4992,24000,transmit
53.4992,24000,send
53.4992,24000,transmit
54.4992,24000,send
55.4992,24000,send
56.4992,24000,send
57.4992,24000,send
58.4992,24000,send
58.4992,24000,transmit
59.4992,24000,send
59.4992,24000,transmit
59.52,24000,ack
59.52,25000,send
60.52,25000,send
60.52,25000,transmit
60.5408,25000,ack
60.5408,26000,send
61.5408,26000,send
61.5408,26000,transmit
61.5616,26000,ack
61.5616,27000,send
62.5616,27000,send
62.5616,27000,transmit
62.5824,27000,ack
62.5824,28000,send
63.5824,28000,send
64.5824,28000,send
64.5824,28000,transmit
64.6032,28000,ack
64.6032,29000,send
65.6032,29000,send
65.6032,29000,transmit
66.6032,29000,send
66.6032,29000,transmit
67.6032,29000,send
68.6032,29000,send
69.6032,29000,send
69.6032,29000,transmit
70.6032,29000,send
70.6032,29000,transmit
70.624,29000,ack
70.624,30000,send
71.624,30000,send
72.624,30000,send
73.624,30000,send
73.624,30000,transmit
73.6448,30000,ack
73.6448,31000,send
73.6448,31000,transmit
74.6448,31000,send
75.6448,31000,send
76.6448,31000,send
76.6448,31000,transmit
76.6656,31000,ack
76.6656,32000,send
76.6656,32000,transmit
76.6864,32000,ack
76.6864,33000,send
76.6864,33000,transmit
77.6864,33000,send
77.6864,33000,transmit
78.6864,33000,send
79.6864,33000,send
79.6864,33000,transmit
79.7072,33000,ack
79.7072,34000,send
80.7072,34000,send
80.7072,34000,transmit
81.7072,34000,send
81.7072,34000,transmit
82.7072,34000,send
83.7072,34000,send
84.7072,34000,send
85.7072,34000,send
85.7072,34000,transmit
85.728,34000,ack
85.728,35000,send
86.728,35000,send
87.728,35000,send
87.728,35000,transmit
87.7488,35000,ack
87.7488,36000,send
87.7488,36000,transmit
87.7696,36000,ack
87.7696,37000,send
87.7696,37000,transmit
88.7696,37000,send
88.7696,37000,transmit
88.7904,37000,ack
88.7904,38000,send
88.7904,38000,transmit
89.7904,38000,send
89.7904,38000,transmit
89.8112,38000,ack
89.8112,39000,send
90.8112,39000,send
90.8112,39000,transmit
90.832,39000,ack
90.832,40000,send
91.832,40000,send
91.832,40000,transmit
91.8528,40000,ack
91.8528,41000,send
92.8528,41000,send
93.8528,41000,send
93.8528,41000,transmit
93.8736,41000,ack
93.8736,42000,send
93.8736,42000,transmit
94.8736,42000,send
94.8736,42000,transmit
94.8944,42000,ack
94.8944,43000,send
94.8944,43000,transmit
94.9152,43000,ack
94.9152,44000,send
94.9152,44000,transmit
95.9152,44000,send
96.9152,44000,send
96.9152,44000,transmit
97.9152,44000,send
97.9152,44000,transmit
98.9152,44000,send
98.9152,44000,transmit
98.936,44000,ack
98.936,45000,send
98.936,45000,transmit
99.936,45000,send
99.936,45000,transmit
99.9568,45000,ack
99.9568,46000,send
100.9568,46000,send
101.9568,46000,send
101.9568,46000,transmit
102.9568,46000,send
102.9568,46000,transmit
102.9776,46000,ack
102.9776,47000,send
102.9776,47000,transmit
102.9984,47000,ack
102.9984,48000,send
103.9984,48000,send
104.9984,48000,send
105.9984,48000,send
105.9984,48000,transmit
106.9984,48000,send
107.9984,48000,send
107.9984,48000,transmit
108.9984,48000,send
108.9984,48000,transmit
109.9984,48000,send
110.9984,48000,send
111.9984,48000,send
111.9984,48000,transmit
112.9984,48000,send
113.9984,48000,send
114.9984,48000,send
115.9984,48000,send
116.9984,48000,send
116.9984,48000,transmit
117.9984,48000,send
117.9984,48000,transmit
118.9984,48000,send
119.9984,48000,send
119.9984,48000,transmit
120.0192,48000,ack
120.0192,49000,send
120.0192,49000,transmit
121.0192,49000,send
121.0192,49000,transmit
121.04,49000,ack
121.04,50000,send
122.04,50000,send
122.04,50000,transmit
122.0608,50000,ack
122.0608,51000,send
123.0608,51000,send
123.0608,51000,transmit
123.0816,51000,ack
123.0816,52000,send
124.0816,52000,send
124.0816,52000,transmit
125.0816,52000,send
125.0816,52000,transmit
125.1024,52000,ack
125.1024,53000,send
126.1024,53000,send
126.1024,53000,transmit
127.1024,53000,send
128.1024,53000,send
128.1024,53000,transmit
129.1024,53000,send
130.1024,53000,send
130.1024,53000,transmit
130.1232,53000,ack
130.1232,54000,send
131.1232,54000,send
131.1232,54000,transmit
132.1232,54000,send
133.1232,54000,send
134.1232,54000,send
134.1232,54000,transmit
134.144,54000,ack
134.144,55000,send
134.144,55000,transmit
134.1648,55000,ack
134.1648,56000,send
135.1648,56000,send
135.1648,56000,transmit
135.1856,56000,ack
135.1856,57000,send
135.1856,57000,transmit
135.2064,57000,ack
135.2064,58000,send
136.2064,58000,send
136.2064,58000,transmit
136.2272,58000,ack
136.2272,59000,send
136.2272,59000,transmit
137.2272,59000,send
138.2272,59000,send
139.2272,59000,send
139.2272,59000,transmit
140.2272,59000,send
141.2272,59000,send
141.2272,59000,transmit
141.248,59000,ack
141.248,60000,send
142.248,60000,send
142.248,60000,transmit
143.248,60000,send
143.248,60000,transmit
144.248,60000,send
145.248,60000,send
146.248,60000,send
146.248,60000,transmit
147.248,60000,send
147.248,60000,transmit
148.248,60000,send
148.248,60000,transmit
148.2688,60000,ack
148.2688,61000,send
149.2688,61000,send
149.2688,61000,transmit
149.2896,61000,ack
149.2896,62000,send
149.2896,62000,transmit
149.3104,62000,ack
149.3104,63000,send
149.3104,63000,transmit
150.3104,63000,send
151.3104,63000,send
151.3104,63000,transmit
152.3104,63000,send
152.3104,63000,transmit
153.3104,63000,send
153.3104,63000,transmit
153.3312,63000,ack
153.3312,64000,send
154.3312,64000,send
154.3312,64000,transmit
154.352,64000,ack
154.352,65000,send
155.352,65000,send
156.352,65000,send
156.352,65000,transmit
156.3728,65000,ack
156.3728,66000,send
157.3728,66000,send
158.3728,66000,send
158.3728,66000,transmit
159.3728,66000,send
159.3728,66000,transmit
160.3728,66000,send
161.3728,66000,send
161.3728,66000,transmit
161.3936,66000,ack
161.3936,67000,send
162.3936,67000,send
162.3936,67000,transmit
163.3936,67000,send
164.3936,67000,send
164.3936,67000,transmit
165.3936,67000,send
166.3936,67000,send
167.3936,67000,send
167.3936,67000,transmit
167.4144,67000,ack
167.4144,68000,send
167.4144,68000,transmit
168.4144,68000,send
169.4144,68000,send
169.4144,68000,transmit
169.4352,68000,ack
169.4352,69000,send
170.4352,69000,send
170.4352,69000,transmit
171.4352,69000,send
172.4352,69000,send
172.4352,69000,transmit
173.4352,69000,send
174.4352,69000,send
175.4352,69000,send
175.4352,69000,transmit
175.456,69000,ack
175.456,70000,send
175.456,70000,transmit
175.4768,70000,ack
175.4768,71000,send
176.4768,71000,send
177.4768,71000,send
178.4768,71000,send
178.4768,71000,transmit
178.4976,71000,ack
178.4976,72000,send
178.4976,72000,transmit
179.4976,72000,send
179.4976,72000,transmit
180.4976,72000,send
180.4976,72000,transmit
180.5184,72000,ack
180.5184,73000,send
180.5184,73000,transmit
180.5392,73000,ack
180.5392,74000,send
180.5392,74000,transmit
181.5392,74000,send
182.5392,74000,send
183.5392,74000,send
183.5392,74000,transmit
183.56,74000,ack
183.56,75000,send
183.56,75000,transmit
184.56,75000,send
185.56,75000,send
185.56,75000,transmit
185.5808,75000,ack
185.5808,76000,send
186.5808,76000,send
187.5808,76000,send
187.5808,76000,transmit
187.6016,76000,ack
187.6016,77000,send
187.6016,77000,transmit
188.6016,77000,send
189.6016,77000,send
189.6016,77000,transmit
190.6016,77000,send
191.6016,77000,send
192.6016,77000,send
192.6016,77000,transmit
192.6224,77000,ack
192.6224,78000,send
193.6224,78000,send
193.6224,78000,transmit
193.6432,78000,ack
193.6432,79000,send
193.6432,79000,transmit
194.6432,79000,send
194.6432,79000,transmit
194.664,79000,ack
194.664,80000,send
195.664,80000,send
195.664,80000,transmit
196.664,80000,send
197.664,80000,send
198.664,80000,send
198.664,80000,transmit
199.664,80000,send
200.664,80000,send
200.664,80000,transmit
201.664,80000,send
202.664,80000,send
203.664,80000,send
204.664,80000,send
205.664,80000,send
206.664,80000,send
206.664,80000,transmit
207.664,80000,send
207.664,80000,transmit
207.6848,80000,ack
207.6848,81000,send
207.6848,81000,transmit
208.6848,81000,send
209.6848,81000,send
209.6848,81000,transmit
210.6848,81000,send
210.6848,81000,transmit
210.7056,81000,ack
210.7056,82000,send
210.7056,82000,transmit
211.7056,82000,send
212.7056,82000,send
212.7056,82000,transmit
213.7056,82000,send
213.7056,82000,transmit
214.7056,82000,send
214.7056,82000,transmit
215.7056,82000,send
216.7056,82000,send
216.7056,82000,transmit
217.7056,82000,send
218.7056,82000,send
219.7056,82000,send
220.7056,82000,send
220.7056,82000,transmit
221.7056,82000,send
222.7056,82000,send
223.7056,82000,send
224.7056,82000,send
225.7056,82000,send
225.7056,82000,transmit
226.7056,82000,send
227.7056,82000,send
227.7056,82000,transmit
228.7056,82000,send
229.7056,82000,send
230.7056,82000,send
230.7056,82000,transmit
230.7264,82000,ack
230.7264,83000,send
230.7264,83000,transmit
231.7264,83000,send
231.7264,83000,transmit
232.7264,83000,send
232.7264,83000,transmit
233.7264,83000,send
233.7264,83000,transmit
233.7472,83000,ack
233.7472,84000,send
234.7472,84000,send
235.7472,84000,send
236.7472,84000,send
237.7472,84000,send
238.7472,84000,send
238.7472,84000,transmit
239.7472,84000,send
240.7472,84000,send
241.7472,84000,send
241.7472,84000,transmit
242.7472,84000,send
243.7472,84000,send
243.7472,84000,transmit
244.7472,84000,send
244.7472,84000,transmit
245.7472,84000,send
246.7472,84000,send
246.7472,84000,transmit
247.7472,84000,send
248.7472,84000,send
248.7472,84000,transmit
248.768,84000,ack
248.768,85000,send
248.768,85000,transmit
248.7888,85000,ack
248.7888,86000,send
248.7888,86000,transmit
248.8096,86000,ack
248.8096,87000,send
249.8096,87000,send
249.8096,87000,transmit
250.8096,87000,send
250.8096,87000,transmit
250.8304,87000,ack
250.8304,88000,send
251.8304,88000,send
251.8304,88000,transmit
252.8304,88000,send
252.8304,88000,transmit
253.8304,88000,send
254.8304,88000,send
255.8304,88000,send
256.8304,88000,send
257.8304,88000,send
258.8304,88000,send
259.8304,88000,send
259.8304,88000,transmit
260.8304,88000,send
261.8304,88000,send
261.8304,88000,transmit
261.8512,88000,ack
261.8512,89000,send
262.8512,89000,send
262.8512,89000,transmit
262.872,89000,ack
262.872,90000,send
262.872,90000,transmit
262.8928,90000,ack
262.8928,91000,send
263.8928,91000,send
263.8928,91000,transmit
264.8928,91000,send
265.8928,91000,send
266.8928,91000,send
266.8928,91000,transmit
267.8928,91000,send
268.8928,91000,send
269.8928,91000,send
269.8928,91000,transmit
269.9136,91000,ack
269.9136,92000,send
270.9136,92000,send
270.9136,92000,transmit
271.9136,92000,send
271.9136,92000,transmit
271.9344,92000,ack
271.9344,93000,send
272.9344,93000,send
273.9344,93000,send
273.9344,93000,transmit
274.9344,93000,send
274.9344,93000,transmit
275.9344,93000,send
276.9344,93000,send
277.9344,93000,send
277.9344,93000,transmit
278.9344,93000,send
279.9344,93000,send
279.9344,93000,transmit
279.9552,93000,ack
279.9552,94000,send
279.9552,94000,transmit
280.9552,94000,send
280.9552,94000,transmit
281.9552,94000,send
282.9552,94000,send
283.9552,94000,send
283.9552,94000,transmit
283.976,94000,ack
283.976,95000,send
283.976,95000,transmit
284.976,95000,send
284.976,95000,transmit
284.9968,95000,ack
284.9968,96000,send
284.9968,96000,transmit
285.0176,96000,ack
285.0176,97000,send
286.0176,97000,send
286.0176,97000,transmit
286.0384,97000,ack
286.0384,98000,send
286.0384,98000,transmit
287.0384,98000,send
288.0384,98000,send
288.0384,98000,transmit
288.0592,98000,ack
288.0592,99000,send
288.0592,99000,transmit
288.08,99000,ack
288.08,100000,send
288.08,100000,transmit
288.1008,100000,ack
288.1008,101000,send
289.1008,101000,send
290.1008,101000,send
291.1008,101000,send
291.1008,101000,transmit
292.1008,101000,send
292.1008,101000,transmit
292.1216,101000,ack
292.1216,102000,send
293.1216,102000,send
294.1216,102000,send
294.1216,102000,transmit
295.1216,102000,send
296.1216,102000,send
296.1216,102000,transmit
296.1424,102000,ack
296.1424,103000,send
296.1424,103000,transmit
297.1424,103000,send
297.1424,103000,transmit
298.1424,103000,send
298.1424,103000,transmit
298.1632,103000,ack
298.1632,104000,send
299.1632,104000,send
300.1632,104000,send
301.1632,104000,send
302.1632,104000,send
302.1632,104000,transmit
303.1632,104000,send
304.1632,104000,send
305.1632,104000,send
305.1632,104000,transmit
306.1632,104000,send
307.1632,104000,send
308.1632,104000,send
309.1632,104000,send
310.1632,104000,send
311.1632,104000,send
312.1632,104000,send
312.1632,104000,transmit
313.1632,104000,send
314.1632,104000,send
315.1632,104000,send
315.1632,104000,transmit
315.184,104000,ack
315.184,105000,send
316.184,105000,send
317.184,105000,send
318.184,105000,send
318.184,105000,transmit
319.184,105000,send
319.184,105000,transmit
320.184,105000,send
321.184,105000,send
322.184,105000,send
323.184,105000,send
323.184,105000,transmit
323.2048,105000,ack
323.2048,106000,send
324.2048,106000,send
325.2048,106000,send
325.2048,106000,transmit
326.2048,106000,send
327.2048,106000,send
327.2048,106000,transmit
328.2048,106000,send
328.2048,106000,transmit
329.2048,106000,send
329.2048,106000,transmit
329.2256,106000,ack
329.2256,107000,send
329.2256,107000,transmit
330.2256,107000,send
330.2256,107000,transmit
331.2256,107000,send
332.2256,107000,send
333.2256,107000,send
334.2256,107000,send
335.2256,107000,send
335.2256,107000,transmit
335.2464,107000,ack
335.2464,108000,send
335.2464,108000,transmit
335.2672,108000,ack
335.2672,109000,send
336.2672,109000,send
337.2672,109000,send
338.2672,109000,send
338.2672,109000,transmit
339.2672,109000,send
339.2672,109000,transmit
339.288,109000,ack
339.288,110000,send
340.288,110000,send
341.288,110000,send
341.288,110000,transmit
341.3088,110000,ack
341.3088,111000,send
342.3088,111000,send
342.3088,111000,transmit
343.3088,111000,send
344.3088,111000,send
344.3088,111000,transmit
345.3088,111000,send
346.3088,111000,send
347.3088,111000,send
348.3088,111000,send
349.3088,111000,send
349.3088,111000,transmit
350.3088,111000,send
350.3088,111000,transmit
350.3296,111000,ack
350.3296,112000,send
350.3296,112000,transmit
351.3296,112000,send
352.3296,112000,send
353.3296,112000,send
354.3296,112000,send
355.3296,112000,send
355.3296,112000,transmit
355.3504,112000,ack
355.3504,113000,send
355.3504,113000,transmit
355.3712,113000,ack
355.3712,114000,send
356.3712,114000,send
357.3712,114000,send
357.3712,114000,transmit
358.3712,114000,send
358.3712,114000,transmit
358.392,114000,ack
358.392,115000,send
358.392,115000,transmit
359.392,115000,send
359.392,115000,transmit
360.392,115000,send
361.392,115000,send
362.392,115000,send
363.392,115000,send
364.392,115000,send
365.392,115000,send
365.392,115000,transmit
365.4128,115000,ack
365.4128,116000,send
365.4128,116000,transmit
365.4336,116000,ack
365.4336,117000,send
366.4336,117000,send
367.4336,117000,send
367.4336,117000,transmit
367.4544,117000,ack
367.4544,118000,send
367.4544,118000,transmit
367.4752,118000,ack
367.4752,119000,send
367.4752,119000,transmit
367.496,119000,ack
367.496,120000,send
367.496,120000,transmit
367.5168,120000,ack
367.5168,121000,send
368.5168,121000,send
369.5168,121000,send
369.5168,121000,transmit
369.5376,121000,ack
369.5376,122000,send
370.5376,122000,send
371.5376,122000,send
372.5376,122000,send
372.5376,122000,transmit
372.5584,122000,ack
372.5584,123000,send
373.5584,123000,send
373.5584,123000,transmit
374.5584,123000,send
374.5584,123000,transmit
375.5584,123000,send
376.5584,123000,send
377.5584,123000,send
378.5584,123000,send
379.5584,123000,send
379.5584,123000,transmit
379.5792,123000,ack
379.5792,124000,send
380.5792,124000,send
381.5792,124000,send
381.5792,124000,transmit
381.6,124000,ack
381.6,125000,send
381.6,125000,transmit
381.6208,125000,ack
381.6208,126000,send
382.6208,126000,send
383.6208,126000,send
383.6208,126000,transmit
384.6208,126000,send
385.6208,126000,send
385.6208,126000,transmit
385.6416,126000,ack
385.6416,127000,send
385.6416,127000,transmit
386.6416,127000,send
386.6416,127000,transmit
386.6624,127000,ack
386.6624,128000,send
387.6624,128000,send
388.6624,128000,send
388.6624,128000,transmit
388.6832,128000,ack
388.6832,129000,send
388.6832,129000,transmit
389.6832,129000,send
389.6832,129000,transmit
389.704,129000,ack
389.704,130000,send
390.704,130000,send
390.704,130000,transmit
391.704,130000,send
391.704,130000,transmit
392.704,130000,send
392.704,130000,transmit
393.704,130000,send
394.704,130000,send
395.704,130000,send
396.704,130000,send
396.704,130000,transmit
397.704,130000,send
398.704,130000,send
398.704,130000,transmit
399.704,130000,send
400.704,130000,send
401.704,130000,send
401.704,130000,transmit
401.7248,130000,ack
401.7248,131000,send
402.7248,131000,send
402.7248,131000,transmit
402.7456,131000,ack
402.7456,132000,send
403.7456,132000,send
404.7456,132000,send
404.7456,132000,transmit
404.7664,132000,ack
404.7664,133000,send
404.7664,133000,transmit
404.7872,133000,ack
404.7872,134000,send
404.7872,134000,transmit
404.808,134000,ack
404.808,135000,send
404.808,135000,transmit
404.8288,135000,ack
404.8288,136000,send
405.8288,136000,send
405.8288,136000,transmit
406.8288,136000,send
407.8288,136000,send
408.8288,136000,send
409.8288,136000,send
410.8288,136000,send
410.8288,136000,transmit
411.8288,136000,send
412.8288,136000,send
412.8288,136000,transmit
413.8288,136000,send
413.8288,136000,transmit
414.8288,136000,send
415.8288,136000,send
415.8288,136000,transmit
415.8496,136000,ack
415.8496,137000,send
416.8496,137000,send
416.8496,137000,transmit
416.8704,137000,ack
416.8704,138000,send
417.8704,138000,send
418.8704,138000,send
419.8704,138000,send
419.8704,138000,transmit
420.8704,138000,send
421.8704,138000,send
422.8704,138000,send
422.8704,138000,transmit
422.8912,138000,ack
422.8912,139000,send
423.8912,139000,send
424.8912,139000,send
424.8912,139000,transmit
425.8912,139000,send
426.8912,139000,send
427.8912,139000,send
428.8912,139000,send
429.8912,139000,send
429.8912,139000,transmit
429.912,139000,ack
429.912,140000,send
429.912,140000,transmit
429.9328,140000,ack
429.9328,141000,send
430.9328,141000,send
431.9328,141000,send
431.9328,141000,transmit
432.9328,141000,send
433.9328,141000,send
433.9328,141000,transmit
433.9536,141000,ack
433.9536,142000,send
433.9536,142000,transmit
434.9536,142000,send
435.9536,142000,send
435.9536,142000,transmit
436.9536,142000,send
436.9536,142000,transmit
437.9536,142000,send
437.9536,142000,transmit
438.9536,142000,send
438.9536,142000,transmit
439.9536,142000,send
439.9536,142000,transmit
440.9536,142000,send
441.9536,142000,send
442.9536,142000,send
443.9536,142000,send
444.9536,142000,send
445.9536,142000,send
446.9536,142000,send
447.9536,142000,send
448.9536,142000,send
449.9536,142000,send
449.9536,142000,transmit
449.9744,142000,ack
449.9744,143000,send
449.9744,143000,transmit
450.9744,143000,send
450.9744,143000,transmit
450.9952,143000,ack
450.9952,144000,send
451.9952,144000,send
451.9952,144000,transmit
452.9952,144000,send
453.9952,144000,send
453.9952,144000,transmit
454.016,144000,ack
454.016,145000,send
455.016,145000,send
455.016,145000,transmit
455.0368,145000,ack
455.0368,146000,send
456.0368,146000,send
457.0368,146000,send
458.0368,146000,send
459.0368,146000,send
459.0368,146000,transmit
459.0576,146000,ack
459.0576,147000,send
459.0576,147000,transmit
459.0784,147000,ack
459.0784,148000,send
459.0784,148000,transmit
459.0992,148000,ack
459.0992,149000,send
459.0992,149000,transmit
460.0992,149000,send
461.0992,149000,send
462.0992,149000,send
462.0992,149000,transmit
462.12,149000,ack
462.12,150000,send
463.12,150000,send
464.12,150000,send
465.12,150000,send
466.12,150000,send
466.12,150000,transmit
467.12,150000,send
468.12,150000,send
468.12,150000,transmit
468.1408,150000,ack
468.1408,151000,send
469.1408,151000,send
470.1408,151000,send
471.1408,151000,send
471.1408,151000,transmit
471.1616,151000,ack
471.1616,152000,send
472.1616,152000,send
473.1616,152000,send
473.1616,152000,transmit
473.1824,152000,ack
473.1824,153000,send
473.1824,153000,transmit
474.1824,153000,send
475.1824,153000,send
475.1824,153000,transmit
476.1824,153000,send
476.1824,153000,transmit
476.2032,153000,ack
476.2032,154000,send
476.2032,154000,transmit
477.2032,154000,send
477.2032,154000,transmit
478.2032,154000,send
479.2032,154000,send
480.2032,154000,send
481.2032,154000,send
481.2032,154000,transmit
481.224,154000,ack
481.224,155000,send
482.224,155000,send
483.224,155000,send
484.224,155000,send
484.224,155000,transmit
485.224,155000,send
486.224,155000,send
487.224,155000,send
487.224,155000,transmit
488.224,155000,send
489.224,155000,send
489.224,155000,transmit
489.2448,155000,ack
489.2448,156000,send
490.2448,156000,send
491.2448,156000,send
492.2448,156000,send
492.2448,156000,transmit
493.2448,156000,send
493.2448,156000,transmit
493.2656,156000,ack
493.2656,157000,send
494.2656,157000,send
495.2656,157000,send
495.2656,157000,transmit
495.2864,157000,ack
495.2864,158000,send
495.2864,158000,transmit
496.2864,158000,send
496.2864,158000,transmit
497.2864,158000,send
497.2864,158000,transmit
498.2864,158000,send
498.2864,158000,transmit
499.2864,158000,send
499.2864,158000,transmit
500.2864,158000,send
500.2864,158000,transmit
500.3072,158000,ack
500.3072,159000,send
501.3072,159000,send
502.3072,159000,send
503.3072,159000,send
504.3072,159000,send
505.3072,159000,send
505.3072,159000,transmit
505.328,159000,ack
505.328,160000,send
506.328,160000,send
507.328,160000,send
508.328,160000,send
509.328,160000,send
509.328,160000,transmit
509.3488,160000,ack
509.3488,161000,send
510.3488,161000,send
510.3488,161000,transmit
511.3488,161000,send
512.3488,161000,send
513.3488,161000,send
513.3488,161000,transmit
514.3488,161000,send
514.3488,161000,transmit
514.3696,161000,ack
514.3696,162000,send
515.3696,162000,send
515.3696,162000,transmit
516.3696,162000,send
516.3696,162000,transmit
516.3904,162000,ack
516.3904,163000,send
516.3904,163000,transmit
516.4112,163000,ack
516.4112,164000,send
516.4112,164000,transmit
516.432,164000,ack
516.432,165000,send
516.432,165000,transmit
517.432,165000,send
518.432,165000,send
519.432,165000,send
520.432,165000,send
520.432,165000,transmit
520.4528,165000,ack
520.4528,166000,send
521.4528,166000,send
521.4528,166000,transmit
522.4528,166000,send
523.4528,166000,send
524.4528,166000,send
524.4528,166000,transmit
525.4528,166000,send
525.4528,166000,transmit
525.4736,166000,ack
525.4736,167000,send
525.4736,167000,transmit
526.4736,167000,send
527.4736,167000,send
528.4736,167000,send
529.4736,167000,send
529.4736,167000,transmit
529.4944,167000,ack
529.4944,168000,send
530.4944,168000,send
530.4944,168000,transmit
531.4944,168000,send
532.4944,168000,send
532.4944,168000,transmit
532.5152,168000,ack
532.5152,169000,send
532.5152,169000,transmit
532.536,169000,ack
532.536,170000,send
532.536,170000,transmit
532.5568,170000,ack
532.5568,171000,send
532.5568,171000,transmit
533.5568,171000,send
534.5568,171000,send
534.5568,171000,transmit
535.5568,171000,send
536.5568,171000,send
537.5568,171000,send
538.5568,171000,send
538.5568,171000,transmit
538.5776,171000,ack
538.5776,172000,send
539.5776,172000,send
540.5776,172000,send
540.5776,172000,transmit
541.5776,172000,send
541.5776,172000,transmit
542.5776,172000,send
543.5776,172000,send
544.5776,172000,send
544.5776,172000,transmit
544.5984,172000,ack
544.5984,173000,send
544.5984,173000,transmit
544.6192,173000,ack
544.6192,174000,send
545.6192,174000,send
546.6192,174000,send
546.6192,174000,transmit
547.6192,174000,send
547.6192,174000,transmit
547.64,174000,ack
547.64,175000,send
548.64,175000,send
549.64,175000,send
550.64,175000,send
550.64,175000,transmit
551.64,175000,send
552.64,175000,send
553.64,175000,send
554.64,175000,send
554.64,175000,transmit
554.6608,175000,ack
554.6608,176000,send
555.6608,176000,send
556.6608,176000,send
557.6608,176000,send
558.6608,176000,send
558.6608,176000,transmit
558.6816,176000,ack
558.6816,177000,send
558.6816,177000,transmit
558.7024,177000,ack
558.7024,178000,send
558.7024,178000,transmit
559.7024,178000,send
560.7024,178000,send
560.7024,178000,transmit
560.7232,178000,ack
560.7232,179000,send
560.7232,179000,transmit
560.744,179000,ack
560.744,180000,send
560.744,180000,transmit
560.7648,180000,ack
560.7648,181000,send
560.7648,181000,transmit
560.7856,181000,ack
560.7856,182000,send
561.7856,182000,send
561.7856,182000,transmit
562.7856,182000,send
562.7856,182000,transmit
562.8064,182000,ack
562.8064,183000,send
563.8064,183000,send
563.8064,183000,transmit
564.8064,183000,send
565.8064,183000,send
566.8064,183000,send
566.8064,183000,transmit
567.8064,183000,send
568.8064,183000,send
568.8064,183000,transmit
569.8064,183000,send
570.8064,183000,send
571.8064,183000,send
572.8064,183000,send
573.8064,183000,send
574.8064,183000,send
574.8064,183000,transmit
574.8272,183000,ack
574.8272,184000,send
574.8272,184000,transmit
574.848,184000,ack
574.848,185000,send
575.848,185000,send
576.848,185000,send
576.848,185000,transmit
576.8688,185000,ack
576.8688,186000,send
576.8688,186000,transmit
576.8896,186000,ack
576.8896,187000,send
577.8896,187000,send
578.8896,187000,send
579.8896,187000,send
579.8896,187000,transmit
580.8896,187000,send
580.8896,187000,transmit
581.8896,187000,send
582.8896,187000,send
582.8896,187000,transmit
582.9104,187000,ack
582.9104,188000,send
583.9104,188000,send
583.9104,188000,transmit
584.9104,188000,send
585.9104,188000,send
586.9104,188000,send
586.9104,188000,transmit
586.9312,188000,ack
586.9312,189000,send
587.9312,189000,send
588.9312,189000,send
588.9312,189000,transmit
588.952,189000,ack
588.952,190000,send
588.952,190000,transmit
589.952,190000,send
589.952,190000,transmit
589.9728,190000,ack
589.9728,191000,send
590.9728,191000,send
590.9728,191000,transmit
590.9936,191000,ack
590.9936,192000,send
590.9936,192000,transmit
591.0144,192000,ack
591.0144,193000,send
591.0144,193000,transmit
591.0352,193000,ack
591.0352,194000,send
591.0352,194000,transmit
592.0352,194000,send
593.0352,194000,send
594.0352,194000,send
594.0352,194000,transmit
594.056,194000,ack
594.056,195000,send
595.056,195000,send
595.056,195000,transmit
596.056,195000,send
597.056,195000,send
598.056,195000,send
598.056,195000,transmit
599.056,195000,send
599.056,195000,transmit
600.056,195000,send
600.056,195000,transmit
600.0768,195000,ack
600.0768,196000,send
600.0768,196000,transmit
600.0976,196000,ack
600.0976,197000,send
601.0976,197000,send
601.0976,197000,transmit
602.0976,197000,send
603.0976,197000,send
603.0976,197000,transmit
604.0976,197000,send
604.0976,197000,transmit
604.1184,197000,ack
604.1184,198000,send
605.1184,198000,send
605.1184,198000,transmit
605.1392,198000,ack
605.1392,199000,send
606.1392,199000,send
607.1392,199000,send
607.1392,199000,transmit
608.1392,199000,send
609.1392,199000,send
609.1392,199000,transmit
609.16,199000,ack
609.16,200000,send
610.16,200000,send
611.16,200000,send
612.16,200000,send
613.16,200000,send
614.16,200000,send
614.16,200000,transmit
615.16,200000,send
616.16,200000,send
616.16,200000,transmit
617.16,200000,send
618.16,200000,send
619.16,200000,send
619.16,200000,transmit
620.16,200000,send
621.16,200000,send
622.16,200000,send
622.16,200000,transmit
623.16,200000,send
624.16,200000,send
625.16,200000,send
626.16,200000,send
626.16,200000,transmit
626.1808,200000,ack
626.1808,201000,send
627.1808,201000,send
627.1808,201000,transmit
627.2016,201000,ack
627.2016,202000,send
627.2016,202000,transmit
627.2224,202000,ack
627.2224,203000,send
628.2224,203000,send
628.2224,203000,transmit
629.2224,203000,send
629.2224,203000,transmit
630.2224,203000,send
630.2224,203000,transmit
630.2432,203000,ack
630.2432,204000,send
631.2432,204000,send
632.2432,204000,send
632.2432,204000,transmit
633.2432,204000,send
634.2432,204000,send
634.2432,204000,transmit
635.2432,204000,send
635.2432,204000,transmit
635.264,204000,ack
635.264,205000,send
635.264,205000,transmit
635.2848,205000,ack
635.2848,206000,send
636.2848,206000,send
637.2848,206000,send
638.2848,206000,send
638.2848,206000,transmit
639.2848,206000,send
639.2848,206000,transmit
639.3056,206000,ack
639.3056,207000,send
640.3056,207000,send
640.3056,207000,transmit
641.3056,207000,send
641.3056,207000,transmit
641.3264,207000,ack
641.3264,208000,send
642.3264,208000,send
643.3264,208000,send
643.3264,208000,transmit
643.3472,208000,ack
643.3472,209000,send
643.3472,209000,transmit
643.368,209000,ack
643.368,210000,send
643.368,210000,transmit
643.3888,210000,ack
643.3888,211000,send
644.3888,211000,send
645.3888,211000,send
646.3888,211000,send
646.3888,211000,transmit
647.3888,211000,send
647.3888,211000,transmit
648.3888,211000,send
649.3888,211000,send
649.3888,211000,transmit
650.3888,211000,send
651.3888,211000,send
652.3888,211000,send
653.3888,211000,send
654.3888,211000,send
655.3888,211000,send
656.3888,211000,send
656.3888,211000,transmit
656.4096,211000,ack
656.4096,212000,send
657.4096,212000,send
658.4096,212000,send
659.4096,212000,send
659.4096,212000,transmit
660.4096,212000,send
660.4096,212000,transmit
660.4304,212000,ack
660.4304,213000,send
661.4304,213000,send
662.4304,213000,send
662.4304,213000,transmit
663.4304,213000,send
664.4304,213000,send
665.4304,213000,send
666.4304,213000,send
667.4304,213000,send
667.4304,213000,transmit
668.4304,213000,send
668.4304,213000,transmit
669.4304,213000,send
669.4304,213000,transmit
669.4512,213000,ack
669.4512,214000,send
669.4512,214000,transmit
670.4512,214000,send
670.4512,214000,transmit
670.472,214000,ack
670.472,215000,send
670.472,215000,transmit
671.472,215000,send
672.472,215000,send
672.472,215000,transmit
673.472,215000,send
674.472,215000,send
675.472,215000,send
675.472,215000,transmit
675.4928,215000,ack
675.4928,216000,send
675.4928,216000,transmit
675.5136,216000,ack
675.5136,217000,send
676.5136,217000,send
677.5136,217000,send
677.5136,217000,transmit
678.5136,217000,send
678.5136,217000,transmit
679.5136,217000,send
679.5136,217000,transmit
680.5136,217000,send
680.5136,217000,transmit
680.5344,217000,ack
680.5344,218000,send
681.5344,218000,send
681.5344,218000,transmit
681.5552,218000,ack
681.5552,219000,send
681.5552,219000,transmit
682.5552,219000,send
683.5552,219000,send
684.5552,219000,send
685.5552,219000,send
686.5552,219000,send
686.5552,219000,transmit
687.5552,219000,send
688.5552,219000,send
689.5552,219000,send
690.5552,219000,send
690.5552,219000,transmit
691.5552,219000,send
692.5552,219000,send
693.5552,219000,send
693.5552,219000,transmit
694.5552,219000,send
695.5552,219000,send
695.5552,219000,transmit
695.576,219000,ack
695.576,220000,send
695.576,220000,transmit
696.576,220000,send
697.576,220000,send
698.576,220000,send
698.576,220000,transmit
698.5968,220000,ack
698.5968,221000,send
698.5968,221000,transmit
698.6176,221000,ack
698.6176,222000,send
699.6176,222000,send
700.6176,222000,send
701.6176,222000,send
702.6176,222000,send
702.6176,222000,transmit
703.6176,222000,send
703.6176,222000,transmit
703.6384,222000,ack
703.6384,223000,send
703.6384,223000,transmit
703.6592,223000,ack
703.6592,224000,send
704.6592,224000,send
704.6592,224000,transmit
704.68,224000,ack
704.68,225000,send
705.68,225000,send
706.68,225000,send
706.68,225000,transmit
707.68,225000,send
708.68,225000,send
708.68,225000,transmit
708.7008,225000,ack
708.7008,226000,send
708.7008,226000,transmit
709.7008,226000,send
710.7008,226000,send
711.7008,226000,send
712.7008,226000,send
712.7008,226000,transmit
712.7216,226000,ack
712.7216,227000,send
713.7216,227000,send
714.7216,227000,send
714.7216,227000,transmit
715.7216,227000,send
715.7216,227000,transmit
715.7424,227000,ack
715.7424,228000,send
715.7424,228000,transmit
715.7632,228000,ack
715.7632,229000,send
715.7632,229000,transmit
716.7632,229000,send
717.7632,229000,send
717.7632,229000,transmit
718.7632,229000,send
719.7632,229000,send
720.7632,229000,send
720.7632,229000,transmit
720.784,229000,ack
720.784,230000,send
720.784,230000,transmit
721.784,230000,send
721.784,230000,transmit
721.8048,230000,ack
721.8048,231000,send
722.8048,231000,send
723.8048,231000,send
723.8048,231000,transmit
723.8256,231000,ack
723.8256,232000,send
724.8256,232000,send
725.8256,232000,send
725.8256,232000,transmit
725.8464,232000,ack
725.8464,233000,send
726.8464,233000,send
727.8464,233000,send
728.8464,233000,send
729.8464,233000,send
729.8464,233000,transmit
729.8672,233000,ack
729.8672,234000,send
729.8672,234000,transmit
729.888,234000,ack
729.888,235000,send
730.888,235000,send
731.888,235000,send
732.888,235000,send
733.888,235000,send
734.888,235000,send
734.888,235000,transmit
734.9088,235000,ack
734.9088,236000,send
735.9088,236000,send
735.9088,236000,transmit
736.9088,236000,send
736.9088,236000,transmit
736.9296,236000,ack
736.9296,237000,send
736.9296,237000,transmit
737.9296,237000,send
737.9296,237000,transmit
737.9504,237000,ack
737.9504,238000,send
737.9504,238000,transmit
738.9504,238000,send
738.9504,238000,transmit
739.9504,238000,send
740.9504,238000,send
741.9504,238000,send
742.9504,238000,send
742.9504,238000,transmit
742.9712,238000,ack
742.9712,239000,send
743.9712,239000,send
744.9712,239000,send
744.9712,239000,transmit
744.992,239000,ack
744.992,240000,send
745.992,240000,send
746.992,240000,send
747.992,240000,send
747.992,240000,transmit
748.992,240000,send
748.992,240000,transmit
749.992,240000,send
749.992,240000,transmit
750.0128,240000,ack
750.0128,241000,send
751.0128,241000,send
751.0128,241000,transmit
752.0128,241000,send
753.0128,241000,send
754.0128,241000,send
754.0128,241000,transmit
754.0336,241000,ack
754.0336,242000,send
754.0336,242000,transmit
755.0336,242000,send
756.0336,242000,send
756.0336,242000,transmit
757.0336,242000,send
758.0336,242000,send
758.0336,242000,transmit
758.0544,242000,ack
758.0544,243000,send
759.0544,243000,send
760.0544,243000,send
760.0544,243000,transmit
761.0544,243000,send
762.0544,243000,send
762.0544,243000,transmit
762.0752,243000,ack
762.0752,244000,send
762.0752,244000,transmit
762.096,244000,ack
762.096,245000,send
762.096,245000,transmit
763.096,245000,send
764.096,245000,send
764.096,245000,transmit
765.096,245000,send
765.096,245000,transmit
766.096,245000,send
767.096,245000,send
768.096,245000,send
769.096,245000,send
769.096,245000,transmit
769.1168,245000,ack
769.1168,246000,send
769.1168,246000,transmit
769.1376,246000,ack
769.1376,247000,send
770.1376,247000,send
771.1376,247000,send
771.1376,247000,transmit
771.1584,247000,ack
771.1584,248000,send
772.1584,248000,send
772.1584,248000,transmit
772.1792,248000,ack
772.1792,249000,send
772.1792,249000,transmit
773.1792,249000,send
774.1792,249000,send
775.1792,249000,send
775.1792,249000,transmit
775.2,249000,ack
775.2,250000,send
775.2,250000,transmit
775.2208,250000,ack
775.2208,251000,send
775.2208,251000,transmit
775.2416,251000,ack
775.2416,252000,send
776.2416,252000,send
776.2416,252000,transmit
776.2624,252000,ack
776.2624,253000,send
776.2624,253000,transmit
777.2624,253000,send
778.2624,253000,send
779.2624,253000,send
779.2624,253000,transmit
779.2832,253000,ack
779.2832,254000,send
780.2832,254000,send
781.2832,254000,send
782.2832,254000,send
783.2832,254000,send
784.2832,254000,send
785.2832,254000,send
785.2832,254000,transmit
785.304,254000,ack
785.304,255000,send
785.304,255000,transmit
786.304,255000,send
786.304,255000,transmit
786.3248,255000,ack
786.3248,256000,send
786.3248,256000,transmit
786.3456,256000,ack
786.3456,257000,send
786.3456,257000,transmit
787.3456,257000,send
788.3456,257000,send
788.3456,257000,transmit
788.3664,257000,ack
788.3664,258000,send
789.3664,258000,send
790.3664,258000,send
790.3664,258000,transmit
791.3664,258000,send
791.3664,258000,transmit
791.3872,258000,ack
791.3872,259000,send
791.3872,259000,transmit
791.408,259000,ack
791.408,260000,send
791.408,260000,transmit
792.408,260000,send
792.408,260000,transmit
792.4288,260000,ack
792.4288,261000,send
793.4288,261000,send
794.4288,261000,send
794.4288,261000,transmit
795.4288,261000,send
795.4288,261000,transmit
796.4288,261000,send
797.4288,261000,send
798.4288,261000,send
798.4288,261000,transmit
798.4496,261000,ack
798.4496,262000,send
799.4496,262000,send
799.4496,262000,transmit
799.4704,262000,ack
799.4704,263000,send
799.4704,263000,transmit
800.4704,263000,send
801.4704,263000,send
801.4704,263000,transmit
802.4704,263000,send
802.4704,263000,transmit
803.4704,263000,send
804.4704,263000,send
804.4704,263000,transmit
804.4912,263000,ack
804.4912,264000,send
804.4912,264000,transmit
805.4912,264000,send
805.4912,264000,transmit
805.512,264000,ack
805.512,265000,send
806.512,265000,send
806.512,265000,transmit
806.5328,265000,ack
806.5328,266000,send
806.5328,266000,transmit
806.5536,266000,ack
806.5536,267000,send
806.5536,267000,transmit
806.5744,267000,ack
806.5744,268000,send
807.5744,268000,send
808.5744,268000,send
809.5744,268000,send
809.5744,268000,transmit
809.5952,268000,ack
809.5952,269000,send
809.5952,269000,transmit
810.5952,269000,send
810.5952,269000,transmit
811.5952,269000,send
811.5952,269000,transmit
812.5952,269000,send
813.5952,269000,send
814.5952,269000,send
815.5952,269000,send
816.5952,269000,send
817.5952,269000,send
818.5952,269000,send
818.5952,269000,transmit
818.616,269000,ack
818.616,270000,send
818.616,270000,transmit
819.616,270000,send
820.616,270000,send
821.616,270000,send
821.616,270000,transmit
822.616,270000,send
823.616,270000,send
823.616,270000,transmit
823.6368,270000,ack
823.6368,271000,send
823.6368,271000,transmit
824.6368,271000,send
824.6368,271000,transmit
824.6576,271000,ack
824.6576,272000,send
825.6576,272000,send
826.6576,272000,send
827.6576,272000,send
828.6576,272000,send
829.6576,272000,send
829.6576,272000,transmit
829.6784,272000,ack
829.6784,273000,send
829.6784,273000,transmit
829.6992,273000,ack
829.6992,274000,send
830.6992,274000,send
830.6992,274000,transmit
830.72,274000,ack
830.72,275000,send
831.72,275000,send
831.72,275000,transmit
831.7408,275000,ack
831.7408,276000,send
831.7408,276000,transmit
832.7408,276000,send
833.7408,276000,send
833.7408,276000,transmit
833.7616,276000,ack
833.7616,277000,send
833.7616,277000,transmit
833.7824,277000,ack
833.7824,278000,send
833.7824,278000,transmit
834.7824,278000,send
835.7824,278000,send
835.7824,278000,transmit
835.8032,278000,ack
835.8032,279000,send
836.8032,279000,send
837.8032,279000,send
838.8032,279000,send
839.8032,279000,send
839.8032,279000,transmit
840.8032,279000,send
841.8032,279000,send
842.8032,279000,send
843.8032,279000,send
843.8032,279000,transmit
843.824,279000,ack
843.824,280000,send
843.824,280000,transmit
844.824,280000,send
844.824,280000,transmit
845.824,280000,send
846.824,280000,send
846.824,280000,transmit
847.824,280000,send
848.824,280000,send
848.824,280000,transmit
849.824,280000,send
850.824,280000,send
851.824,280000,send
851.824,280000,transmit
852.824,280000,send
852.824,280000,transmit
852.8448,280000,ack
852.8448,281000,send
853.8448,281000,send
853.8448,281000,transmit
853.8656,281000,ack
853.8656,282000,send
854.8656,282000,send
855.8656,282000,send
855.8656,282000,transmit
856.8656,282000,send
856.8656,282000,transmit
857.8656,282000,send
858.8656,282000,send
858.8656,282000,transmit
859.8656,282000,send
859.8656,282000,transmit
859.8864,282000,ack
859.8864,283000,send
860.8864,283000,send
861.8864,283000,send
861.8864,283000,transmit
862.8864,283000,send
862.8864,283000,transmit
863.8864,283000,send
864.8864,283000,send
865.8864,283000,send
866.8864,283000,send
866.8864,283000,transmit
866.9072,283000,ack
866.9072,284000,send
866.9072,284000,transmit
866.928,284000,ack
866.928,285000,send
866.928,285000,transmit
867.928,285000,send
867.928,285000,transmit
867.9488,285000,ack
867.9488,286000,send
868.9488,286000,send
869.9488,286000,send
870.9488,286000,send
870.9488,286000,transmit
871.9488,286000,send
871.9488,286000,transmit
872.9488,286000,send
873.9488,286000,send
873.9488,286000,transmit
873.9696,286000,ack
873.9696,287000,send
874.9696,287000,send
874.9696,287000,transmit
874.9904,287000,ack
874.9904,288000,send
874.9904,288000,transmit
875.9904,288000,send
875.9904,288000,transmit
876.9904,288000,send
877.9904,288000,send
878.9904,288000,send
878.9904,288000,transmit
879.0112,288000,ack
879.0112,289000,send
880.0112,289000,send
880.0112,289000,transmit
880.032,289000,ack
880.032,290000,send
880.032,290000,transmit
880.0528,290000,ack
880.0528,291000,send
881.0528,291000,send
881.0528,291000,transmit
882.0528,291000,send
883.0528,291000,send
883.0528,291000,transmit
883.0736,291000,ack
883.0736,292000,send
884.0736,292000,send
884.0736,292000,transmit
885.0736,292000,send
886.0736,292000,send
886.0736,292000,transmit
886.0944,292000,ack
886.0944,293000,send
887.0944,293000,send
887.0944,293000,transmit
888.0944,293000,send
888.0944,293000,transmit
888.1152,293000,ack
888.1152,294000,send
888.1152,294000,transmit
889.1152,294000,send
890.1152,294000,send
890.1152,294000,transmit
890.136,294000,ack
890.136,295000,send
891.136,295000,send
891.136,295000,transmit
892.136,295000,send
892.136,295000,transmit
892.1568,295000,ack
892.1568,296000,send
892.1568,296000,transmit
892.1776,296000,ack
892.1776,297000,send
893.1776,297000,send
894.1776,297000,send
895.1776,297000,send
895.1776,297000,transmit
895.1984,297000,ack
895.1984,298000,send
896.1984,298000,send
896.1984,298000,transmit
897.1984,298000,send
898.1984,298000,send
898.1984,298000,transmit
898.2192,298000,ack
898.2192,299000,send
898.2192,299000,transmit
899.2192,299000,send
899.2192,299000,transmit
899.24,299000,ack
899.24,300000,send
900.24,300000,send
901.24,300000,send
902.24,300000,send
902.24,300000,transmit
902.2608,300000,ack
902.2608,301000,send
902.2608,301000,transmit
902.2816,301000,ack
902.2816,302000,send
903.2816,302000,send
903.2816,302000,transmit
904.2816,302000,send
905.2816,302000,send
905.2816,302000,transmit
905.3024,302000,ack
905.3024,303000,send
905.3024,303000,transmit
906.3024,303000,send
907.3024,303000,send
907.3024,303000,transmit
907.3232,303000,ack
907.3232,304000,send
908.3232,304000,send
909.3232,304000,send
910.3232,304000,send
910.3232,304000,transmit
910.344,304000,ack
910.344,305000,send
911.344,305000,send
911.344,305000,transmit
912.344,305000,send
913.344,305000,send
914.344,305000,send
914.344,305000,transmit
914.3648,305000,ack
914.3648,306000,send
915.3648,306000,send
915.3648,306000,transmit
916.3648,306000,send
917.3648,306000,send
917.3648,306000,transmit
917.3856,306000,ack
917.3856,307000,send
917.3856,307000,transmit
918.3856,307000,send
919.3856,307000,send
919.3856,307000,transmit
920.3856,307000,send
920.3856,307000,transmit
920.4064,307000,ack
920.4064,308000,send
920.4064,308000,transmit
920.4272,308000,ack
920.4272,309000,send
920.4272,309000,transmit
921.4272,309000,send
921.4272,309000,transmit
922.4272,309000,send
922.4272,309000,transmit
923.4272,309000,send
923.4272,309000,transmit
923.448,309000,ack
923.448,310000,send
923.448,310000,transmit
923.4688,310000,ack
923.4688,311000,send
923.4688,311000,transmit
924.4688,311000,send
924.4688,311000,transmit
925.4688,311000,send
925.4688,311000,transmit
926.4688,311000,send
927.4688,311000,send
928.4688,311000,send
928.4688,311000,transmit
929.4688,311000,send
930.4688,311000,send
931.4688,311000,send
931.4688,311000,transmit
931.4896,311000,ack
931.4896,312000,send
931.4896,312000,transmit
931.5104,312000,ack
931.5104,313000,send
932.5104,313000,send
932.5104,313000,transmit
932.5312,313000,ack
932.5312,314000,send
933.5312,314000,send
934.5312,314000,send
934.5312,314000,transmit
934.552,314000,ack
934.552,315000,send
935.552,315000,send
935.552,315000,transmit
936.552,315000,send
937.552,315000,send
937.552,315000,transmit
937.5728,315000,ack
937.5728,316000,send
937.5728,316000,transmit
937.5936,316000,ack
937.5936,317000,send
938.5936,317000,send
938.5936,317000,transmit
938.6144,317000,ack
938.6144,318000,send
939.6144,318000,send
939.6144,318000,transmit
940.6144,318000,send
940.6144,318000,transmit
941.6144,318000,send
942.6144,318000,send
942.6144,318000,transmit
943.6144,318000,send
943.6144,318000,transmit
944.6144,318000,send
944.6144,318000,transmit
944.6352,318000,ack
944.6352,319000,send
944.6352,319000,transmit
944.656,319000,ack
944.656,320000,send
944.656,320000,transmit
945.656,320000,send
946.656,320000,send
947.656,320000,send
948.656,320000,send
948.656,320000,transmit
949.656,320000,send
950.656,320000,send
951.656,320000,send
952.656,320000,send
952.656,320000,transmit
952.6768,320000,ack
952.6768,321000,send
952.6768,321000,transmit
953.6768,321000,send
953.6768,321000,transmit
953.6976,321000,ack
953.6976,322000,send
953.6976,322000,transmit
953.7184,322000,ack
953.7184,323000,send
954.7184,323000,send
954.7184,323000,transmit
954.7392,323000,ack
954.7392,324000,send
955.7392,324000,send
956.7392,324000,send
956.7392,324000,transmit
956.76,324000,ack
956.76,325000,send
957.76,325000,send
958.76,325000,send
959.76,325000,send
959.76,325000,transmit
960.76,325000,send
961.76,325000,send
962.76,325000,send
962.76,325000,transmit
962.7808,325000,ack
962.7808,326000,send
963.7808,326000,send
964.7808,326000,send
964.7808,326000,transmit
964.8016,326000,ack
964.8016,327000,send
964.8016,327000,transmit
965.8016,327000,send
966.8016,327000,send
966.8016,327000,transmit
967.8016,327000,send
968.8016,327000,send
969.8016,327000,send
969.8016,327000,transmit
969.8224,327000,ack
969.8224,328000,send
970.8224,328000,send
971.8224,328000,send
971.8224,328000,transmit
972.8224,328000,send
973.8224,328000,send
974.8224,328000,send
974.8224,328000,transmit
975.8224,328000,send
976.8224,328000,send
976.8224,328000,transmit
977.8224,328000,send
977.8224,328000,transmit
978.8224,328000,send
979.8224,328000,send
980.8224,328000,send
981.8224,328000,send
981.8224,328000,transmit
981.8432,328000,ack
981.8432,329000,send
981.8432,329000,transmit
981.864,329000,ack
981.864,330000,send
982.864,330000,send
982.864,330000,transmit
982.8848,330000,ack
982.8848,331000,send
983.8848,331000,send
984.8848,331000,send
985.8848,331000,send
985.8848,331000,transmit
985.9056,331000,ack
985.9056,332000,send
985.9056,332000,transmit
985.9264,332000,ack
985.9264,333000,send
986.9264,333000,send
987.9264,333000,send
988.9264,333000,send
989.9264,333000,send
990.9264,333000,send
990.9264,333000,transmit
991.9264,333000,send
992.9264,333000,send
992.9264,333000,transmit
993.9264,333000,send
994.9264,333000,send
995.9264,333000,send
996.9264,333000,send
997.9264,333000,send
997.9264,333000,transmit
997.9472,333000,ack
997.9472,334000,send
997.9472,334000,transmit
998.9472,334000,send
998.9472,334000,transmit
999.9472,334000,send
1000.9472,334000,send
1001.9472,334000,send
1002.9472,334000,send
1003.9472,334000,send
1004.9472,334000,send
1005.9472,334000,send
1005.9472,334000,transmit
1006.9472,334000,send
1006.9472,334000,transmit
1006.968,334000,ack
1006.968,335000,send
1006.968,335000,transmit
1006.9888,335000,ack
1006.9888,336000,send
1006.9888,336000,transmit
1007.0096,336000,ack
1007.0096,337000,send
1007.0096,337000,transmit
1008.0096,337000,send
1008.0096,337000,transmit
1008.0304,337000,ack
1008.0304,338000,send
1008.0304,338000,transmit
1009.0304,338000,send
1010.0304,338000,send
1010.0304,338000,transmit
1010.0512,338000,ack
1010.0512,339000,send
1010.0512,339000,transmit
1011.0512,339000,send
1011.0512,339000,transmit
1011.072,339000,ack
1011.072,340000,send
1012.072,340000,send
1013.072,340000,send
1014.072,340000,send
1014.072,340000,transmit
1015.072,340000,send
1016.072,340000,send
1017.072,340000,send
1018.072,340000,send
1019.072,340000,send
1019.072,340000,transmit
1020.072,340000,send
1020.072,340000,transmit
1021.072,340000,send
1022.072,340000,send
1023.072,340000,send
1023.072,340000,transmit
1023.0928,340000,ack
1023.0928,341000,send
1024.0928,341000,send
1024.0928,341000,transmit
1024.1136,341000,ack
1024.1136,342000,send
1025.1136,342000,send
1026.1136,342000,send
1026.1136,342000,transmit
1027.1136,342000,send
1027.1136,342000,transmit
1027.1344,342000,ack
1027.1344,343000,send
1027.1344,343000,transmit
1028.1344,343000,send
1028.1344,343000,transmit
1029.1344,343000,send
1030.1344,343000,send
1031.1344,343000,send
1031.1344,343000,transmit
1031.1552,343000,ack
1031.1552,344000,send
1031.1552,344000,transmit
1031.176,344000,ack
1031.176,345000,send
1032.176,345000,send
1033.176,345000,send
1034.176,345000,send
1035.176,345000,send
1036.176,345000,send
1036.176,345000,transmit
1036.1968,345000,ack
1036.1968,346000,send
1036.1968,346000,transmit
1036.2176,346000,ack
1036.2176,347000,send
1036.2176,347000,transmit
1037.2176,347000,send
1037.2176,347000,transmit
1037.2384,347000,ack
1037.2384,348000,send
1037.2384,348000,transmit
1038.2384,348000,send
1038.2384,348000,transmit
1038.2592,348000,ack
1038.2592,349000,send
1038.2592,349000,transmit
1038.28,349000,ack
1038.28,350000,send
1038.28,350000,transmit
1039.28,350000,send
1040.28,350000,send
1041.28,350000,send
1041.28,350000,transmit
1042.28,350000,send
1042.28,350000,transmit
1043.28,350000,send
1044.28,350000,send
1045.28,350000,send
1046.28,350000,send
1047.28,350000,send
1048.28,350000,send
1049.28,350000,send
1050.28,350000,send
1050.28,350000,transmit
1050.3008,350000,ack
1050.3008,351000,send
1051.3008,351000,send
1052.3008,351000,send
1052.3008,351000,transmit
1052.3216,351000,ack
1052.3216,352000,send
1052.3216,352000,transmit
1052.3424,352000,ack
1052.3424,353000,send
1053.3424,353000,send
1053.3424,353000,transmit
1054.3424,353000,send
1055.3424,353000,send
1055.3424,353000,transmit
1056.3424,353000,send
1056.3424,353000,transmit
1056.3632,353000,ack
1056.3632,354000,send
1057.3632,354000,send
1058.3632,354000,send
1058.3632,354000,transmit
1059.3632,354000,send
1060.3632,354000,send
1061.3632,354000,send
1062.3632,354000,send
1063.3632,354000,send
1064.3632,354000,send
1064.3632,354000,transmit
1065.3632,354000,send
1065.3632,354000,transmit
1066.3632,354000,send
1067.3632,354000,send
1068.3632,354000,send
1069.3632,354000,send
1069.3632,354000,transmit
1069.384,354000,ack
1069.384,355000,send
1070.384,355000,send
1070.384,355000,transmit
1070.4048,355000,ack
1070.4048,356000,send
1070.4048,356000,transmit
1070.4256,356000,ack
1070.4256,357000,send
1070.4256,357000,transmit
1071.4256,357000,send
1071.4256,357000,transmit
1072.4256,357000,send
1072.4256,357000,transmit
1072.4464,357000,ack
1072.4464,358000,send
1073.4464,358000,send
1074.4464,358000,send
1074.4464,358000,transmit
1074.4672,358000,ack
1074.4672,359000,send
1074.4672,359000,transmit
1074.488,359000,ack
1074.488,360000,send
1075.488,360000,send
1075.488,360000,transmit
1076.488,360000,send
1076.488,360000,transmit
1076.5088,360000,ack
1076.5088,361000,send
1076.5088,361000,transmit
1077.5088,361000,send
1078.5088,361000,send
1079.5088,361000,send
1080.5088,361000,send
1080.5088,361000,transmit
1080.5296,361000,ack
1080.5296,362000,send
1080.5296,362000,transmit
1081.5296,362000,send
1081.5296,362000,transmit
1082.5296,362000,send
1082.5296,362000,transmit
1083.5296,362000,send
1083.5296,362000,transmit
1084.5296,362000,send
1084.5296,362000,transmit
1085.5296,362000,send
1085.5296,362000,transmit
1086.5296,362000,send
1087.5296,362000,send
1088.5296,362000,send
1089.5296,362000,send
1089.5296,362000,transmit
1089.5504,362000,ack
1089.5504,363000,send
1089.5504,363000,transmit
1090.5504,363000,send
1091.5504,363000,send
1092.5504,363000,send
1093.5504,363000,send
1094.5504,363000,send
1094.5504,363000,transmit
1095.5504,363000,send
1095.5504,363000,transmit
1096.5504,363000,send
1097.5504,363000,send
1097.5504,363000,transmit
1097.5712,363000,ack
1097.5712,364000,send
1098.5712,364000,send
1099.5712,364000,send
1100.5712,364000,send
1100.5712,364000,transmit
1101.5712,364000,send
1102.5712,364000,send
1103.5712,364000,send
1103.5712,364000,transmit
1104.5712,364000,send
1105.5712,364000,send
1105.5712,364000,transmit
1106.5712,364000,send
1107.5712,364000,send
1108.5712,364000,send
1109.5712,364000,send
1110.5712,364000,send
1111.5712,364000,send
1112.5712,364000,send
1112.5712,364000,transmit
1112.592,364000,ack
1112.592,365000,send
1112.592,365000,transmit
1113.592,365000,send
1114.592,365000,send
1114.592,365000,transmit
1114.6128,365000,ack
1114.6128,366000,send
1114.6128,366000,transmit
1114.6336,366000,ack
1114.6336,367000,send
1114.6336,367000,transmit
1115.6336,367000,send
1115.6336,367000,transmit
1115.6544,367000,ack
1115.6544,368000,send
1115.6544,368000,transmit
1115.6752,368000,ack
1115.6752,369000,send
1116.6752,369000,send
1117.6752,369000,send
1118.6752,369000,send
1119.6752,369000,send
1120.6752,369000,send
1121.6752,369000,send
1121.6752,369000,transmit
1121.696,369000,ack
1121.696,370000,send
1121.696,370000,transmit
1121.7168,370000,ack
1121.7168,371000,send
1122.7168,371000,send
1122.7168,371000,transmit
1123.7168,371000,send
1124.7168,371000,send
1124.7168,371000,transmit
1125.7168,371000,send
1126.7168,371000,send
1126.7168,371000,transmit
1126.7376,371000,ack
1126.7376,372000,send
1127.7376,372000,send
1128.7376,372000,send
1128.7376,372000,transmit
1128.7584,372000,ack
1128.7584,373000,send
1128.7584,373000,transmit
1129.7584,373000,send
1130.7584,373000,send
1131.7584,373000,send
1131.7584,373000,transmit
1132.7584,373000,send
1132.7584,373000,transmit
1132.7792,373000,ack
1132.7792,374000,send
1133.7792,374000,send
1134.7792,374000,send
1135.7792,374000,send
1135.7792,374000,transmit
1136.7792,374000,send
1137.7792,374000,send
1137.7792,374000,transmit
1138.7792,374000,send
1139.7792,374000,send
1139.7792,374000,transmit
1140.7792,374000,send
1140.7792,374000,transmit
1141.7792,374000,send
1142.7792,374000,send
1143.7792,374000,send
1143.7792,374000,transmit
1143.8,374000,ack
1143.8,375000,send
1143.8,375000,transmit
1143.8208,375000,ack
1143.8208,376000,send
1143.8208,376000,transmit
1143.8416,376000,ack
1143.8416,377000,send
1144.8416,377000,send
1145.8416,377000,send
1145.8416,377000,transmit
1145.8624,377000,ack
1145.8624,378000,send
1145.8624,378000,transmit
1145.8832,378000,ack
1145.8832,379000,send
1145.8832,379000,transmit
1145.904,379000,ack
1145.904,380000,send
1145.904,380000,transmit
1146.904,380000,send
1146.904,380000,transmit
1146.9248,380000,ack
1146.9248,381000,send
1146.9248,381000,transmit
1147.9248,381000,send
1148.9248,381000,send
1148.9248,381000,transmit
1149.9248,381000,send
1150.9248,381000,send
1151.9248,381000,send
1151.9248,381000,transmit
1151.9456,381000,ack
1151.9456,382000,send
1152.9456,382000,send
1152.9456,382000,transmit
1153.9456,382000,send
1153.9456,382000,transmit
1153.9664,382000,ack
1153.9664,383000,send
1153.9664,383000,transmit
1153.9872,383000,ack
1153.9872,384000,send
1153.9872,384000,transmit
1154.9872,384000,send
1154.9872,384000,transmit
1155.008,384000,ack
1155.008,385000,send
1156.008,385000,send
1157.008,385000,send
1157.008,385000,transmit
1158.008,385000,send
1158.008,385000,transmit
1158.0288,385000,ack
1158.0288,386000,send
1159.0288,386000,send
1160.0288,386000,send
1161.0288,386000,send
1161.0288,386000,transmit
1162.0288,386000,send
1162.0288,386000,transmit
1163.0288,386000,send
1163.0288,386000,transmit
1164.0288,386000,send
1164.0288,386000,transmit
1165.0288,386000,send
1166.0288,386000,send
1167.0288,386000,send
1167.0288,386000,transmit
1167.0496,386000,ack
1167.0496,387000,send
1168.0496,387000,send
1168.0496,387000,transmit
1168.0704,387000,ack
1168.0704,388000,send
1168.0704,388000,transmit
1169.0704,388000,send
1169.0704,388000,transmit
1170.0704,388000,send
1170.0704,388000,transmit
1170.0912,388000,ack
1170.0912,389000,send
1171.0912,389000,send
1172.0912,389000,send
1172.0912,389000,transmit
1173.0912,389000,send
1174.0912,389000,send
1174.0912,389000,transmit
1175.0912,389000,send
1176.0912,389000,send
1176.0912,389000,transmit
1177.0912,389000,send
1177.0912,389000,transmit
1178.0912,389000,send
1178.0912,389000,transmit
1179.0912,389000,send
1180.0912,389000,send
1181.0912,389000,send
1182.0912,389000,send
1183.0912,389000,send
1184.0912,389000,send
1184.0912,389000,transmit
1184.112,389000,ack
1184.112,390000,send
1184.112,390000,transmit
1185.112,390000,send
1185.112,390000,transmit
1186.112,390000,send
1187.112,390000,send
1187.112,390000,transmit
1187.1328,390000,ack
1187.1328,391000,send
1188.1328,391000,send
1188.1328,391000,transmit
1189.1328,391000,send
1189.1328,391000,transmit
1189.1536,391000,ack
1189.1536,392000,send
1189.1536,392000,transmit
1190.1536,392000,send
1190.1536,392000,transmit
1191.1536,392000,send
1191.1536,392000,transmit
1191.1744,392000,ack
1191.1744,393000,send
1191.1744,393000,transmit
1191.1952,393000,ack
1191.1952,394000,send
1191.1952,394000,transmit
1192.1952,394000,send
1192.1952,394000,transmit
1192.216,394000,ack
1192.216,395000,send
1192.216,395000,transmit
1192.2368,395000,ack
1192.2368,396000,send
1193.2368,396000,send
1193.2368,396000,transmit
1193.2576,396000,ack
1193.2576,397000,send
1193.2576,397000,transmit
1194.2576,397000,send
1194.2576,397000,transmit
1194.2784,397000,ack
1194.2784,398000,send
1195.2784,398000,send
1196.2784,398000,send
1197.2784,398000,send
1198.2784,398000,send
1198.2784,398000,transmit
1199.2784,398000,send
1199.2784,398000,transmit
1199.2992,398000,ack
1199.2992,399000,send
1199.2992,399000,transmit
1199.32,399000,ack
1199.32,400000,send
1199.32,400000,transmit
1200.32,400000,send
1200.32,400000,transmit
1200.3408,400000,ack
1200.3408,401000,send
1200.3408,401000,transmit
1201.3408,401000,send
1201.3408,401000,transmit
1201.3616,401000,ack
1201.3616,402000,send
1201.3616,402000,transmit
1202.3616,402000,send
1203.3616,402000,send
1203.3616,402000,transmit
1204.3616,402000,send
1205.3616,402000,send
1206.3616,402000,send
1206.3616,402000,transmit
1207.3616,402000,send
1207.3616,402000,transmit
1207.3824,402000,ack
1207.3824,403000,send
1207.3824,403000,transmit
1207.4032,403000,ack
1207.4032,404000,send
1207.4032,404000,transmit
1207.424,404000,ack
1207.424,405000,send
1207.424,405000,transmit
1208.424,405000,send
1208.424,405000,transmit
1209.424,405000,send
1209.424,405000,transmit
1210.424,405000,send
1210.424,405000,transmit
1211.424,405000,send
1211.424,405000,transmit
1211.4448,405000,ack
1211.4448,406000,send
1212.4448,406000,send
1212.4448,406000,transmit
1213.4448,406000,send
1214.4448,406000,send
1214.4448,406000,transmit
1215.4448,406000,send
1215.4448,406000,transmit
1215.4656,406000,ack
1215.4656,407000,send
1216.4656,407000,send
1217.4656,407000,send
1217.4656,407000,transmit
1217.4864,407000,ack
1217.4864,408000,send
1218.4864,408000,send
1219.4864,408000,send
1219.4864,408000,transmit
1219.5072,408000,ack
1219.5072,409000,send
1220.5072,409000,send
1220.5072,409000,transmit
1221.5072,409000,send
1222.5072,409000,send
1222.5072,409000,transmit
1223.5072,409000,send
1223.5072,409000,transmit
1223.528,409000,ack
1223.528,410000,send
1223.528,410000,transmit
1223.5488,410000,ack
1223.5488,411000,send
1223.5488,411000,transmit
1224.5488,411000,send
1225.5488,411000,send
1225.5488,411000,transmit
1225.5696,411000,ack
1225.5696,412000,send
1225.5696,412000,transmit
1225.5904,412000,ack
1225.5904,413000,send
1225.5904,413000,transmit
1225.6112,413000,ack
1225.6112,414000,send
1226.6112,414000,send
1227.6112,414000,send
1227.6112,414000,transmit
1228.6112,414000,send
1229.6112,414000,send
1229.6112,414000,transmit
1230.6112,414000,send
1231.6112,414000,send
1232.6112,414000,send
1233.6112,414000,send
1234.6112,414000,send
1235.6112,414000,send
1235.6112,414000,transmit
1236.6112,414000,send
1236.6112,414000,transmit
1236.632,414000,ack
1236.632,415000,send
1237.632,415000,send
1237.632,415000,transmit
1238.632,415000,send
1238.632,415000,transmit
1239.632,415000,send
1240.632,415000,send
1241.632,415000,send
1241.632,415000,transmit
1241.6528,415000,ack
1241.6528,416000,send
1242.6528,416000,send
1243.6528,416000,send
1243.6528,416000,transmit
1244.6528,416000,send
1244.6528,416000,transmit
1245.6528,416000,send
1246.6528,416000,send
1247.6528,416000,send
1247.6528,416000,transmit
1248.6528,416000,send
1248.6528,416000,transmit
1248.6736,416000,ack
1248.6736,417000,send
1248.6736,417000,transmit
1248.6944,417000,ack
1248.6944,418000,send
1249.6944,418000,send
1250.6944,418000,send
1250.6944,418000,transmit
1251.6944,418000,send
1252.6944,418000,send
1253.6944,418000,send
1253.6944,418000,transmit
1254.6944,418000,send
1254.6944,418000,transmit
1255.6944,418000,send
1255.6944,418000,transmit
1255.7152,418000,ack
1255.7152,419000,send
1256.7152,419000,send
1257.7152,419000,send
1258.7152,419000,send
1258.7152,419000,transmit
1258.736,419000,ack
1258.736,420000,send
1259.736,420000,send
1259.736,420000,transmit
1260.736,420000,send
1260.736,420000,transmit
1260.7568,420000,ack
1260.7568,421000,send
1261.7568,421000,send
1261.7568,421000,transmit
1262.7568,421000,send
1263.7568,421000,send
1264.7568,421000,send
1265.7568,421000,send
1265.7568,421000,transmit
1266.7568,421000,send
1266.7568,421000,transmit
1267.7568,421000,send
1267.7568,421000,transmit
1268.7568,421000,send
1268.7568,421000,transmit
1269.7568,421000,send
1269.7568,421000,transmit
1270.7568,421000,send
1271.7568,421000,send
1271.7568,421000,transmit
1272.7568,421000,send
1272.7568,421000,transmit
1273.7568,421000,send
1273.7568,421000,transmit
1274.7568,421000,send
1275.7568,421000,send
1275.7568,421000,transmit
1276.7568,421000,send
1277.7568,421000,send
1277.7568,421000,transmit
1278.7568,421000,send
1278.7568,421000,transmit
1279.7568,421000,send
1280.7568,421000,send
1280.7568,421000,transmit
1281.7568,421000,send
1282.7568,421000,send
1282.7568,421000,transmit
1282.7776,421000,ack
1282.7776,422000,send
1282.7776,422000,transmit
1283.7776,422000,send
1284.7776,422000,send
1285.7776,422000,send
1286.7776,422000,send
1287.7776,422000,send
1288.7776,422000,send
1288.7776,422000,transmit
1288.7984,422000,ack
1288.7984,423000,send
1288.7984,423000,transmit
1288.8192,423000,ack
1288.8192,424000,send
1289.8192,424000,send
1289.8192,424000,transmit
1289.84,424000,ack
1289.84,425000,send
1289.84,425000,transmit
1289.8608,425000,ack
1289.8608,426000,send
1290.8608,426000,send
1291.8608,426000,send
1291.8608,426000,transmit
1291.8816,426000,ack
1291.8816,427000,send
1292.8816,427000,send
1292.8816,427000,transmit
1292.9024,427000,ack
1292.9024,428000,send
1292.9024,428000,transmit
1293.9024,428000,send
1293.9024,428000,transmit
1294.9024,428000,send
1295.9024,428000,send
1295.9024,428000,transmit
1295.9232,428000,ack
1295.9232,429000,send
1295.9232,429000,transmit
1296.9232,429000,send
1296.9232,429000,transmit
1296.944,429000,ack
1296.944,430000,send
1297.944,430000,send
1298.944,430000,send
1299.944,430000,send
1299.944,430000,transmit
1300.944,430000,send
1301.944,430000,send
1302.944,430000,send
1303.944,430000,send
1303.944,430000,transmit
1304.944,430000,send
1305.944,430000,send
1306.944,430000,send
1306.944,430000,transmit
1306.9648,430000,ack
1306.9648,431000,send
1306.9648,431000,transmit
1307.9648,431000,send
1307.9648,431000,transmit
1307.9856,431000,ack
1307.9856,432000,send
1307.9856,432000,transmit
1308.0064,432000,ack
1308.0064,433000,send
1308.0064,433000,transmit
1308.0272,433000,ack
1308.0272,434000,send
1309.0272,434000,send
1310.0272,434000,send
1311.0272,434000,send
1312.0272,434000,send
1313.0272,434000,send
1314.0272,434000,send
1315.0272,434000,send
1315.0272,434000,transmit
1315.048,434000,ack
1315.048,435000,send
1315.048,435000,transmit
1316.048,435000,send
1316.048,435000,transmit
1316.0688,435000,ack
1316.0688,436000,send
1316.0688,436000,transmit
1316.0896,436000,ack
1316.0896,437000,send
1317.0896,437000,send
1318.0896,437000,send
1318.0896,437000,transmit
1318.1104,437000,ack
1318.1104,438000,send
1318.1104,438000,transmit
1319.1104,438000,send
1320.1104,438000,send
1320.1104,438000,transmit
1320.1312,438000,ack
1320.1312,439000,send
1321.1312,439000,send
1321.1312,439000,transmit
1321.152,439000,ack
1321.152,440000,send
1321.152,440000,transmit
1322.152,440000,send
1323.152,440000,send
1324.152,440000,send
1325.152,440000,send
1326.152,440000,send
1326.152,440000,transmit
1326.1728,440000,ack
1326.1728,441000,send
1327.1728,441000,send
1327.1728,441000,transmit
1328.1728,441000,send
1329.1728,441000,send
1329.1728,441000,transmit
1330.1728,441000,send
1331.1728,441000,send
1331.1728,441000,transmit
1331.1936,441000,ack
1331.1936,442000,send
1332.1936,442000,send
1332.1936,442000,transmit
1333.1936,442000,send
1334.1936,442000,send
1334.1936,442000,transmit
1334.2144,442000,ack
1334.2144,443000,send
1334.2144,443000,transmit
1335.2144,443000,send
1335.2144,443000,transmit
1335.2352,443000,ack
1335.2352,444000,send
1335.2352,444000,transmit
1335.256,444000,ack
1335.256,445000,send
1335.256,445000,transmit
1335.2768,445000,ack
1335.2768,446000,send
1336.2768,446000,send
1337.2768,446000,send
1338.2768,446000,send
1339.2768,446000,send
1339.2768,446000,transmit
1340.2768,446000,send
1340.2768,446000,transmit
1341.2768,446000,send
1342.2768,446000,send
1343.2768,446000,send
1344.2768,446000,send
1344.2768,446000,transmit
1345.2768,446000,send
1346.2768,446000,send
1346.2768,446000,transmit
1347.2768,446000,send
1348.2768,446000,send
1349.2768,446000,send
1349.2768,446000,transmit
1349.2976,446000,ack
1349.2976,447000,send
1349.2976,447000,transmit
1350.2976,447000,send
1351.2976,447000,send
1352.2976,447000,send
1353.2976,447000,send
1353.2976,447000,transmit
1353.3184,447000,ack
1353.3184,448000,send
1353.3184,448000,transmit
1353.3392,448000,ack
1353.3392,449000,send
1353.3392,449000,transmit
1354.3392,449000,send
1355.3392,449000,send
1355.3392,449000,transmit
1355.36,449000,ack
1355.36,450000,send
1356.36,450000,send
1356.36,450000,transmit
1356.3808,450000,ack
1356.3808,451000,send
1357.3808,451000,send
1358.3808,451000,send
1359.3808,451000,send
1360.3808,451000,send
1360.3808,451000,transmit
1361.3808,451000,send
1362.3808,451000,send
1362.3808,451000,transmit
1362.4016,451000,ack
1362.4016,452000,send
1363.4016,452000,send
1363.4016,452000,transmit
1363.4224,452000,ack
1363.4224,453000,send
1363.4224,453000,transmit
1363.4432,453000,ack
1363.4432,454000,send
1363.4432,454000,transmit
1364.4432,454000,send
1364.4432,454000,transmit
1364.464,454000,ack
1364.464,455000,send
1364.464,455000,transmit
1364.4848,455000,ack
1364.4848,456000,send
1365.4848,456000,send
1365.4848,456000,transmit
1366.4848,456000,send
1366.4848,456000,transmit
1367.4848,456000,send
1368.4848,456000,send
1369.4848,456000,send
1369.4848,456000,transmit
1370.4848,456000,send
1370.4848,456000,transmit
1371.4848,456000,send
1372.4848,456000,send
1373.4848,456000,send
1374.4848,456000,send
1374.4848,456000,transmit
1375.4848,456000,send
1375.4848,456000,transmit
1376.4848,456000,send
1377.4848,456000,send
1377.4848,456000,transmit
1377.5056,456000,ack
1377.5056,457000,send
1377.5056,457000,transmit
1377.5264,457000,ack
1377.5264,458000,send
1378.5264,458000,send
1379.5264,458000,send
1380.5264,458000,send
1380.5264,458000,transmit
1380.5472,458000,ack
1380.5472,459000,send
1381.5472,459000,send
1382.5472,459000,send
1382.5472,459000,transmit
1383.5472,459000,send
1383.5472,459000,transmit
1383.568,459000,ack
1383.568,460000,send
1384.568,460000,send
1385.568,460000,send
1386.568,460000,send
1387.568,460000,send
1388.568,460000,send
1389.568,460000,send
1389.568,460000,transmit
1389.5888,460000,ack
1389.5888,461000,send
1390.5888,461000,send
1391.5888,461000,send
1392.5888,461000,send
1392.5888,461000,transmit
1393.5888,461000,send
1394.5888,461000,send
1395.5888,461000,send
1395.5888,461000,transmit
1395.6096,461000,ack
1395.6096,462000,send
1395.6096,462000,transmit
1396.6096,462000,send
1397.6096,462000,send
1397.6096,462000,transmit
1397.6304,462000,ack
1397.6304,463000,send
1398.6304,463000,send
1399.6304,463000,send
1399.6304,463000,transmit
1400.6304,463000,send
1400.6304,463000,transmit
1401.6304,463000,send
1401.6304,463000,transmit
1402.6304,463000,send
1402.6304,463000,transmit
1403.6304,463000,send
1403.6304,463000,transmit
1404.6304,463000,send
1405.6304,463000,send
1405.6304,463000,transmit
1405.6512,463000,ack
1405.6512,464000,send
1405.6512,464000,transmit
1406.6512,464000,send
1407.6512,464000,send
1408.6512,464000,send
1408.6512,464000,transmit
1408.672,464000,ack
1408.672,465000,send
1409.672,465000,send
1410.672,465000,send
1411.672,465000,send
1411.672,465000,transmit
1411.6928,465000,ack
1411.6928,466000,send
1411.6928,466000,transmit
1412.6928,466000,send
1413.6928,466000,send
1414.6928,466000,send
1414.6928,466000,transmit
1414.7136,466000,ack
1414.7136,467000,send
1414.7136,467000,transmit
1415.7136,467000,send
1415.7136,467000,transmit
1415.7344,467000,ack
1415.7344,468000,send
1416.7344,468000,send
1416.7344,468000,transmit
1417.7344,468000,send
1417.7344,468000,transmit
1417.7552,468000,ack
1417.7552,469000,send
1417.7552,469000,transmit
1417.776,469000,ack
1417.776,470000,send
1418.776,470000,send
1418.776,470000,transmit
1419.776,470000,send
1419.776,470000,transmit
1420.776,470000,send
1420.776,470000,transmit
1421.776,470000,send
1422.776,470000,send
1423.776,470000,send
1423.776,470000,transmit
1423.7968,470000,ack
1423.7968,471000,send
1423.7968,471000,transmit
1423.8176,471000,ack
1423.8176,472000,send
1423.8176,472000,transmit
1424.8176,472000,send
1424.8176,472000,transmit
1425.8176,472000,send
1425.8176,472000,transmit
1426.8176,472000,send
1427.8176,472000,send
1428.8176,472000,send
1428.8176,472000,transmit
1429.8176,472000,send
1429.8176,472000,transmit
1430.8176,472000,send
1431.8176,472000,send
1432.8176,472000,send
1433.8176,472000,send
1433.8176,472000,transmit
1434.8176,472000,send
1435.8176,472000,send
1435.8176,472000,transmit
1436.8176,472000,send
1437.8176,472000,send
1437.8176,472000,transmit
1437.8384,472000,ack
1437.8384,473000,send
1437.8384,473000,transmit
1438.8384,473000,send
1438.8384,473000,transmit
1439.8384,473000,send
1439.8384,473000,transmit
1440.8384,473000,send
1440.8384,473000,transmit
1440.8592,473000,ack
1440.8592,474000,send
1441.8592,474000,send
1442.8592,474000,send
1443.8592,474000,send
1444.8592,474000,send
1445.8592,474000,send
1445.8592,474000,transmit
1445.88,474000,ack
1445.88,475000,send
1446.88,475000,send
1446.88,475000,transmit
1447.88,475000,send
1447.88,475000,transmit
1448.88,475000,send
1449.88,475000,send
1449.88,475000,transmit
1450.88,475000,send
1450.88,475000,transmit
1451.88,475000,send
1451.88,475000,transmit
1452.88,475000,send
1453.88,475000,send
1454.88,475000,send
1454.88,475000,transmit
1455.88,475000,send
1455.88,475000,transmit
1455.9008,475000,ack
1455.9008,476000,send
1455.9008,476000,transmit
1455.9216,476000,ack
1455.9216,477000,send
1456.9216,477000,send
1457.9216,477000,send
1458.9216,477000,send
1458.9216,477000,transmit
1458.9424,477000,ack
1458.9424,478000,send
1458.9424,478000,transmit
1459.9424,478000,send
1459.9424,478000,transmit
1460.9424,478000,send
1460.9424,478000,transmit
1461.9424,478000,send
1461.9424,478000,transmit
1461.9632,478000,ack
1461.9632,479000,send
1462.9632,479000,send
1463.9632,479000,send
1463.9632,479000,transmit
1464.9632,479000,send
1465.9632,479000,send
1466.9632,479000,send
1467.9632,479000,send
1468.9632,479000,send
1469.9632,479000,send
1469.9632,479000,transmit
1469.984,479000,ack
1469.984,480000,send
1470.984,480000,send
1471.984,480000,send
1472.984,480000,send
1473.984,480000,send
1474.984,480000,send
1475.984,480000,send
1476.984,480000,send
1477.984,480000,send
1478.984,480000,send
1478.984,480000,transmit
1479.0048,480000,ack
1479.0048,481000,send
1479.0048,481000,transmit
1480.0048,481000,send
1481.0048,481000,send
1481.0048,481000,transmit
1482.0048,481000,send
1483.0048,481000,send
1484.0048,481000,send
1485.0048,481000,send
1485.0048,481000,transmit
1486.0048,481000,send
1486.0048,481000,transmit
1487.0048,481000,send
1487.0048,481000,transmit
1488.0048,481000,send
1488.0048,481000,transmit
1489.0048,481000,send
1489.0048,481000,transmit
1490.0048,481000,send
1490.0048,481000,transmit
1490.0256,481000,ack
1490.0256,482000,send
1491.0256,482000,send
1491.0256,482000,transmit
1492.0256,482000,send
1493.0256,482000,send
1494.0256,482000,send
1494.0256,482000,transmit
1494.0464,482000,ack
1494.0464,483000,send
1494.0464,483000,transmit
1495.0464,483000,send
1496.0464,483000,send
1496.0464,483000,transmit
1497.0464,483000,send
1497.0464,483000,transmit
1497.0672,483000,ack
1497.0672,484000,send
1498.0672,484000,send
1498.0672,484000,transmit
1499.0672,484000,send
1500.0672,484000,send
1500.0672,484000,transmit
1501.0672,484000,send
1501.0672,484000,transmit
1501.088,484000,ack
1501.088,485000,send
1501.088,485000,transmit
1502.088,485000,send
1502.088,485000,transmit
1503.088,485000,send
1504.088,485000,send
1505.088,485000,send
1506.088,485000,send
1506.088,485000,transmit
1506.1088,485000,ack
1506.1088,486000,send
1506.1088,486000,transmit
1507.1088,486000,send
1508.1088,486000,send
1509.1088,486000,send
1510.1088,486000,send
1511.1088,486000,send
1512.1088,486000,send
1513.1088,486000,send
1513.1088,486000,transmit
1513.1296,486000,ack
1513.1296,487000,send
1513.1296,487000,transmit
1514.1296,487000,send
1514.1296,487000,transmit
1515.1296,487000,send
1516.1296,487000,send
1516.1296,487000,transmit
1516.1504,487000,ack
1516.1504,488000,send
1517.1504,488000,send
1518.1504,488000,send
1518.1504,488000,transmit
1519.1504,488000,send
1519.1504,488000,transmit
1520.1504,488000,send
1520.1504,488000,transmit
1520.1712,488000,ack
1520.1712,489000,send
1520.1712,489000,transmit
1520.192,489000,ack
1520.192,490000,send
1520.192,490000,transmit
1521.192,490000,send
1521.192,490000,transmit
1521.2128,490000,ack
1521.2128,491000,send
1521.2128,491000,transmit
1522.2128,491000,send
1522.2128,491000,transmit
1523.2128,491000,send
1524.2128,491000,send
1524.2128,491000,transmit
1524.2336,491000,ack
1524.2336,492000,send
1524.2336,492000,transmit
1525.2336,492000,send
1526.2336,492000,send
1527.2336,492000,send
1528.2336,492000,send
1529.2336,492000,send
1529.2336,492000,transmit
1529.2544,492000,ack
1529.2544,493000,send
1529.2544,493000,transmit
1530.2544,493000,send
1531.2544,493000,send
1531.2544,493000,transmit
1531.2752,493000,ack
1531.2752,494000,send
1532.2752,494000,send
1533.2752,494000,send
1534.2752,494000,send
1534.2752,494000,transmit
1535.2752,494000,send
1536.2752,494000,send
1536.2752,494000,transmit
1537.2752,494000,send
1538.2752,494000,send
1539.2752,494000,send
1540.2752,494000,send
1541.2752,494000,send
1542.2752,494000,send
1542.2752,494000,transmit
1542.296,494000,ack
1542.296,495000,send
1543.296,495000,send
1544.296,495000,send
1545.296,495000,send
1545.296,495000,transmit
1546.296,495000,send
1546.296,495000,transmit
1546.3168,495000,ack
1546.3168,496000,send
1546.3168,496000,transmit
1547.3168,496000,send
1547.3168,496000,transmit
1548.3168,496000,send
1549.3168,496000,send
1549.3168,496000,transmit
1549.3376,496000,ack
1549.3376,497000,send
1550.3376,497000,send
1550.3376,497000,transmit
1551.3376,497000,send
1551.3376,497000,transmit
1552.3376,497000,send
1552.3376,497000,transmit
1552.3584,497000,ack
1552.3584,498000,send
1552.3584,498000,transmit
1552.3792,498000,ack
1552.3792,499000,send
1552.3792,499000,transmit
1552.4,499000,ack
1552.4,500000,send
1553.4,500000,send
1554.4,500000,send
1555.4,500000,send
1556.4,500000,send
1556.4,500000,transmit
1557.4,500000,send
1558.4,500000,send
1558.4,500000,transmit
1559.4,500000,send
1559.4,500000,transmit
1559.4208,500000,ack
1559.4208,501000,send
1559.4208,501000,transmit
1559.4416,501000,ack
1559.4416,502000,send
1559.4416,502000,transmit
1560.4416,502000,send
1560.4416,502000,transmit
1561.4416,502000,send
1561.4416,502000,transmit
1561.4624,502000,ack
1561.4624,503000,send
1561.4624,503000,transmit
1561.4832,503000,ack
1561.4832,504000,send
1561.4832,504000,transmit
1561.504,504000,ack
1561.504,505000,send
1561.504,505000,transmit
1561.5248,505000,ack
1561.5248,506000,send
1562.5248,506000,send
1563.5248,506000,send
1563.5248,506000,transmit
1564.5248,506000,send
1565.5248,506000,send
1566.5248,506000,send
1567.5248,506000,send
1568.5248,506000,send
1568.5248,506000,transmit
1568.5456,506000,ack
1568.5456,507000,send
1568.5456,507000,transmit
1568.5664,507000,ack
1568.5664,508000,send
1568.5664,508000,transmit
1568.5872,508000,ack
1568.5872,509000,send
1568.5872,509000,transmit
1568.608,509000,ack
1568.608,510000,send
1569.608,510000,send
1570.608,510000,send
1570.608,510000,transmit
1570.6288,510000,ack
1570.6288,511000,send
1570.6288,511000,transmit
1571.6288,511000,send
1571.6288,511000,transmit
1571.6496,511000,ack
1571.6496,512000,send
1572.6496,512000,send
1572.6496,512000,transmit
1573.6496,512000,send
1574.6496,512000,send
1574.6496,512000,transmit
1575.6496,512000,send
1576.6496,512000,send
1576.6496,512000,transmit
1577.6496,512000,send
1578.6496,512000,send
1578.6496,512000,transmit
1579.6496,512000,send
1579.6496,512000,transmit
1579.6704,512000,ack
1579.6704,513000,send
1579.6704,513000,transmit
1580.6704,513000,send
1581.6704,513000,send
1582.6704,513000,send
1583.6704,513000,send
1583.6704,513000,transmit
1584.6704,513000,send
1584.6704,513000,transmit
1584.6912,513000,ack
1584.6912,514000,send
1585.6912,514000,send
1586.6912,514000,send
1587.6912,514000,send
1587.6912,514000,transmit
1588.6912,514000,send
1588.6912,514000,transmit
1589.6912,514000,send
1589.6912,514000,transmit
1590.6912,514000,send
1590.6912,514000,transmit
1590.711616,513520,ack
